name,college,event
Vishnu,Adhiparasakthi Engineering College,PaperQuest
Pavithran,Adhiparasakthi Engineering College,PaperQuest
Sathya,Adhiparasakthi Engineering College,PaperQuest
Jupalli,Adhiparasakthi Engineering College,AI FilmForge
Sachin,Adhiparasakthi Engineering College,AI FilmForge
Vijay,Adhiparasakthi Engineering College,Checkmate
Bhaai,Adhiparasakthi Engineering College,Checkmate
Tarun,Adhiparasakthi Engineering College,Mine Relay
Vishnu,Adhiparasakthi Engineering College,Checkmate
Sachin,Adhiparasakthi Engineering College,Mine Relay
